N° Pack,Libellé Pack,N° Produit,Libellé Produit,Quantité,Min,Max,Option incluse,Option incluse Obligatoire,Afficher sur PDF,Ordre,Référence,Fournisseur,Px Achat,Visibilité Prix
1,10'' RUN RIDE 100 BLANCHE,1,10'' RUN RIDE 100 BLANCHE,1,1,1,non,non,oui,1,8349385,DECATHLON,"29,17",non
1,10'' RUN RIDE 100 BLANCHE,101,ASSURANCE DOMMAGE MATÉRIEL CYCLE < 120 €TTC,1,1,1,non,non,oui,2,2111459,OGEA,"9,99",non
2,10'' RUN RIDE 500 BLEU ET ROSE,2,10'' RUN RIDE 500 BLEU ET ROSE,1,1,1,non,non,oui,1,8349387,DECATHLON,"41,67",non
2,10'' RUN RIDE 500 BLEU ET ROSE,101,ASSURANCE DOMMAGE MATÉRIEL CYCLE < 120 €TTC,1,1,1,non,non,oui,2,2111459,OGEA,"9,99",non
7,10'' RUN RIDE 500 BLEU VERT,7,10'' RUN RIDE 500 BLEU VERT,1,1,1,non,non,oui,1,8404834,DECATHLON,"41,67",non
7,10'' RUN RIDE 500 BLEU VERT,101,ASSURANCE DOMMAGE MATÉRIEL CYCLE < 120 €TTC,1,1,1,non,non,oui,2,2111459,OGEA,"9,99",non
4,10'' RUN RIDE 500 ORANGE,4,10'' RUN RIDE 500 ORANGE,1,1,1,non,non,oui,1,8349386,DECATHLON,"41,67",non
4,10'' RUN RIDE 500 ORANGE,101,ASSURANCE DOMMAGE MATÉRIEL CYCLE < 120 €TTC,1,1,1,non,non,oui,2,2111459,OGEA,"9,99",non
3,10'' RUN RIDE 520 CRUISER SILVER,3,10'' RUN RIDE 520 CRUISER SILVER,1,1,1,non,non,oui,1,8369700,DECATHLON,"49,99",non
3,10'' RUN RIDE 520 CRUISER SILVER,101,ASSURANCE DOMMAGE MATÉRIEL CYCLE < 120 €TTC,1,1,1,non,non,oui,2,2111459,OGEA,"9,99",non
6,10'' RUN RIDE 520 NOIR JAUNE VTT,6,10'' RUN RIDE 520 NOIR JAUNE VTT,1,1,1,non,non,oui,1,8369698,DECATHLON,"49,99",non
6,10'' RUN RIDE 520 NOIR JAUNE VTT,101,ASSURANCE DOMMAGE MATÉRIEL CYCLE < 120 €TTC,1,1,1,non,non,oui,2,2111459,OGEA,"9,99",non
5,10'' RUN RIDE 520 CRUISER NOIR,5,10'' RUN RIDE 520 CRUISER NOIR,1,1,1,non,non,oui,1,8349389,DECATHLON,50,non
5,10'' RUN RIDE 520 CRUISER NOIR,101,ASSURANCE DOMMAGE MATÉRIEL CYCLE < 120 €TTC,1,1,1,non,non,oui,2,2111459,OGEA,"9,99",non
8,10'' RUN RIDE 520 MTB ROUGE,8,10'' RUN RIDE 520 MTB ROUGE,1,1,1,non,non,oui,1,8512196,DECATHLON,50,non
8,10'' RUN RIDE 520 MTB ROUGE,101,ASSURANCE DOMMAGE MATÉRIEL CYCLE < 120 €TTC,1,1,1,non,non,oui,2,2111459,OGEA,"9,99",non
9,10'' RUN RIDE 900,9,10'' RUN RIDE 900,1,1,1,non,non,oui,1,8501033,DECATHLON,"65,83",non
9,10'' RUN RIDE 900,101,ASSURANCE DOMMAGE MATÉRIEL CYCLE < 120 €TTC,1,1,1,non,non,oui,2,2111459,OGEA,"9,99",non
10,14'' 3-5 ANS 100 ARCTIC,10,14'' 3-5 ANS 100 ARCTIC,1,1,1,non,non,oui,1,8378533,DECATHLON,"66,67",non
10,14'' 3-5 ANS 100 ARCTIC,101,ASSURANCE DOMMAGE MATÉRIEL CYCLE < 120 €TTC,1,1,1,non,non,oui,2,2111459,OGEA,"9,99",non
12,14'' 3-5 ANS 500 DINOSAURE,12,14'' 3-5 ANS 500 DINOSAURE,1,1,1,non,non,oui,1,8371299,DECATHLON,"82,5",non
12,14'' 3-5 ANS 500 DINOSAURE,101,ASSURANCE DOMMAGE MATÉRIEL CYCLE < 120 €TTC,1,1,1,non,non,oui,2,2111459,OGEA,"9,99",non
15,14'' 3-5 ANS 500 MONSTERS,15,14'' 3-5 ANS 500 MONSTERS,1,1,1,non,non,oui,1,8402832,DECATHLON,"82,5",non
15,14'' 3-5 ANS 500 MONSTERS,101,ASSURANCE DOMMAGE MATÉRIEL CYCLE < 120 €TTC,1,1,1,non,non,oui,2,2111459,OGEA,"9,99",non
14,14'' 3-5 ANS 500 OCEAN,14,14'' 3-5 ANS 500 OCEAN,1,1,1,non,non,oui,1,8378534,DECATHLON,"82,5",non
14,14'' 3-5 ANS 500 OCEAN,101,ASSURANCE DOMMAGE MATÉRIEL CYCLE < 120 €TTC,1,1,1,non,non,oui,2,2111459,OGEA,"9,99",non
13,14'' 3-5 ANS 500 ROBOT,13,14'' 3-5 ANS 500 ROBOT,1,1,1,non,non,oui,1,8371301,DECATHLON,"82,5",non
13,14'' 3-5 ANS 500 ROBOT,101,ASSURANCE DOMMAGE MATÉRIEL CYCLE < 120 €TTC,1,1,1,non,non,oui,2,2111459,OGEA,"9,99",non
11,14'' 3-5 ANS 500 UNICORN,11,14'' 3-5 ANS 500 UNICORN,1,1,1,non,non,oui,1,8371300,DECATHLON,"82,5",non
11,14'' 3-5 ANS 500 UNICORN,101,ASSURANCE DOMMAGE MATÉRIEL CYCLE < 120 €TTC,1,1,1,non,non,oui,2,2111459,OGEA,"9,99",non
16,16'' 4-6 ANS 100 INUIT,16,16'' 4-6 ANS 100 INUIT,1,1,1,non,non,oui,1,8379180,DECATHLON,75,non
16,16'' 4-6 ANS 100 INUIT,101,ASSURANCE DOMMAGE MATÉRIEL CYCLE < 120 €TTC,1,1,1,non,non,oui,2,2111459,OGEA,"9,99",non
23,16'' 4-6 ANS 500 ASTRONAUT,23,16'' 4-6 ANS 500 ASTRONAUT,1,1,1,non,non,oui,1,8500765,DECATHLON,"91,67",non
23,16'' 4-6 ANS 500 ASTRONAUT,101,ASSURANCE DOMMAGE MATÉRIEL CYCLE < 120 €TTC,1,1,1,non,non,oui,2,2111459,OGEA,"9,99",non
20,16'' 4-6 ANS 500 BLUE PRINCESS,20,16'' 4-6 ANS 500 BLUE PRINCESS,1,1,1,non,non,oui,1,8379370,DECATHLON,"91,67",non
20,16'' 4-6 ANS 500 BLUE PRINCESS,101,ASSURANCE DOMMAGE MATÉRIEL CYCLE < 120 €TTC,1,1,1,non,non,oui,2,2111459,OGEA,"9,99",non
17,16'' 4-6 ANS 500 DARK HERO,17,16'' 4-6 ANS 500 DARK HERO,1,1,1,non,non,oui,1,8379458,DECATHLON,"91,67",non
17,16'' 4-6 ANS 500 DARK HERO,101,ASSURANCE DOMMAGE MATÉRIEL CYCLE < 120 €TTC,1,1,1,non,non,oui,2,2111459,OGEA,"9,99",non
19,16'' 4-6 ANS 500 DOCTO GIRL,19,16'' 4-6 ANS 500 DOCTO GIRL,1,1,1,non,non,oui,1,8379366,DECATHLON,"91,67",non
19,16'' 4-6 ANS 500 DOCTO GIRL,101,ASSURANCE DOMMAGE MATÉRIEL CYCLE < 120 €TTC,1,1,1,non,non,oui,2,2111459,OGEA,"9,99",non
18,16'' 4-6 ANS 500 ROBOT,18,16'' 4-6 ANS 500 ROBOT,1,1,1,non,non,oui,1,8379367,DECATHLON,"91,67",non
18,16'' 4-6 ANS 500 ROBOT,101,ASSURANCE DOMMAGE MATÉRIEL CYCLE < 120 €TTC,1,1,1,non,non,oui,2,2111459,OGEA,"9,99",non
21,16'' 4-6 ANS 500 SPY HERO GIRL,21,16'' 4-6 ANS 500 SPY HERO GIRL,1,1,1,non,non,oui,1,8512639,DECATHLON,"91,67",non
21,16'' 4-6 ANS 500 SPY HERO GIRL,101,ASSURANCE DOMMAGE MATÉRIEL CYCLE < 120 €TTC,1,1,1,non,non,oui,2,2111459,OGEA,"9,99",non
22,16'' 4-6 ANS 900 WILD DINO,22,16'' 4-6 ANS 900 WILD DINO,1,1,1,non,non,oui,1,8379369,DECATHLON,"108,33",non
22,16'' 4-6 ANS 900 WILD DINO,102,ASSURANCE DOMMAGE MATÉRIEL CYCLE < 200 € TTC,1,1,1,non,non,oui,2,2111460,OGEA,"14,99",non
52,VILLE 20'' 6-8 ANS MISTIGIRL 540,52,VILLE 20'' 6-8 ANS MISTIGIRL 540,1,1,1,non,non,oui,1,8366864,DECATHLON,"191,67",non
52,VILLE 20'' 6-8 ANS MISTIGIRL 540,103,ASSURANCE DOMMAGE MATÉRIEL CYCLE < 300 € TTC,1,1,1,non,non,oui,2,2111461,OGEA,"19,99",non
51,VILLE 20'' 6-8 ANS RACINGBOY 540,51,VILLE 20'' 6-8 ANS RACINGBOY 540,1,1,1,non,non,oui,1,8366406,DECATHLON,"191,67",non
51,VILLE 20'' 6-8 ANS RACINGBOY 540,103,ASSURANCE DOMMAGE MATÉRIEL CYCLE < 300 € TTC,1,1,1,non,non,oui,2,2111461,OGEA,"19,99",non
49,VILLE 24'' 8-12 ANS POPLY 540,49,VILLE 24'' 8-12 ANS POPLY 540,1,1,1,non,non,oui,1,8371841,DECATHLON,"216,67",non
49,VILLE 24'' 8-12 ANS POPLY 540,103,ASSURANCE DOMMAGE MATÉRIEL CYCLE < 300 € TTC,1,1,1,non,non,oui,2,2111461,OGEA,"19,99",non
50,VILLE 24'' 8-12 ANS ROCKRIDER 540,50,VILLE 24'' 8-12 ANS ROCKRIDER 540,1,1,1,non,non,oui,1,8371862,DECATHLON,"216,67",non
50,VILLE 24'' 8-12 ANS ROCKRIDER 540,103,ASSURANCE DOMMAGE MATÉRIEL CYCLE < 300 € TTC,1,1,1,non,non,oui,2,2111461,OGEA,"19,99",non
35,20'' 6-8 ANS MISTIGIRL 300 SINGLE BLANC,35,20'' 6-8 ANS MISTIGIRL 300 SINGLE BLANC,1,1,1,non,non,oui,1,8339936,DECATHLON,"83,33",non
35,20'' 6-8 ANS MISTIGIRL 300 SINGLE BLANC,101,ASSURANCE DOMMAGE MATÉRIEL CYCLE < 120 €TTC,1,1,1,non,non,oui,2,2111459,OGEA,"9,99",non
42,VTC 20'' 6-8 ANS ORIGINAL 100,42,VTC 20'' 6-8 ANS ORIGINAL 100,1,1,1,non,non,oui,1,8487150,DECATHLON,"91,67",non
42,VTC 20'' 6-8 ANS ORIGINAL 100,101,ASSURANCE DOMMAGE MATÉRIEL CYCLE < 120 €TTC,1,1,1,non,non,oui,2,2111459,OGEA,"9,99",non
44,VTC 20'' 6-8 ANS ORIGINAL 120,44,VTC 20'' 6-8 ANS ORIGINAL 120,1,1,1,non,non,oui,1,8487151,DECATHLON,"104,17",non
44,VTC 20'' 6-8 ANS ORIGINAL 120,102,ASSURANCE DOMMAGE MATÉRIEL CYCLE < 200 € TTC,1,1,1,non,non,oui,2,2111460,OGEA,"14,99",non
40,20'' 6-8 ANS MISTIGIRL 320 CE,40,20'' 6-8 ANS MISTIGIRL 320 CE,1,1,1,non,non,oui,1,8339937,DECATHLON,"108,33",non
40,20'' 6-8 ANS MISTIGIRL 320 CE,102,ASSURANCE DOMMAGE MATÉRIEL CYCLE < 200 € TTC,1,1,1,non,non,oui,2,2111460,OGEA,"14,99",non
37,20'' 6-8 ANS MISTIGIRL 320 NOIR/ROSE,37,20'' 6-8 ANS MISTIGIRL 320 NOIR/ROSE,1,1,1,non,non,oui,1,8304259,DECATHLON,"108,33",non
37,20'' 6-8 ANS MISTIGIRL 320 NOIR/ROSE,102,ASSURANCE DOMMAGE MATÉRIEL CYCLE < 200 € TTC,1,1,1,non,non,oui,2,2111460,OGEA,"14,99",non
43,VTC 24'' 8-12 ANS ORIGINAL 100,43,VTC 24'' 8-12 ANS ORIGINAL 100,1,1,1,non,non,oui,1,8487154,DECATHLON,"108,33",non
43,VTC 24'' 8-12 ANS ORIGINAL 100,102,ASSURANCE DOMMAGE MATÉRIEL CYCLE < 200 € TTC,1,1,1,non,non,oui,2,2111460,OGEA,"14,99",non
36,24'' 8-12 ANS POPLY 300 BLANC,36,24'' 8-12 ANS POPLY 300 BLANC,1,1,1,non,non,oui,1,8364111,DECATHLON,"108,33",non
36,24'' 8-12 ANS POPLY 300 BLANC,102,ASSURANCE DOMMAGE MATÉRIEL CYCLE < 200 € TTC,1,1,1,non,non,oui,2,2111460,OGEA,"14,99",non
38,20'' 6-8 ANS MISTIGIRL 500 ROSE,38,20'' 6-8 ANS MISTIGIRL 500 ROSE,1,1,1,non,non,oui,1,8304477,DECATHLON,"141,66",non
38,20'' 6-8 ANS MISTIGIRL 500 ROSE,102,ASSURANCE DOMMAGE MATÉRIEL CYCLE < 200 € TTC,1,1,1,non,non,oui,2,2111460,OGEA,"14,99",non
45,VTC 20'' 6-8 ANS HYC 500 ORIGINAL,45,VTC 20'' 6-8 ANS HYC 500 ORIGINAL,1,1,1,non,non,oui,1,8487153,DECATHLON,"141,67",non
45,VTC 20'' 6-8 ANS HYC 500 ORIGINAL,102,ASSURANCE DOMMAGE MATÉRIEL CYCLE < 200 € TTC,1,1,1,non,non,oui,2,2111460,OGEA,"14,99",non
47,VTC 20'' 6-8 ANS ORIGINAL 500S,47,VTC 20'' 6-8 ANS ORIGINAL 500S,1,1,1,non,non,oui,1,8402801,DECATHLON,"141,67",non
47,VTC 20'' 6-8 ANS ORIGINAL 500S,102,ASSURANCE DOMMAGE MATÉRIEL CYCLE < 200 € TTC,1,1,1,non,non,oui,2,2111460,OGEA,"14,99",non
41,24'' 8-12 ANS POPLY 500 CREAM,41,24'' 8-12 ANS POPLY 500 CREAM,1,1,1,non,non,oui,1,8309975,DECATHLON,"149,99",non
41,24'' 8-12 ANS POPLY 500 CREAM,102,ASSURANCE DOMMAGE MATÉRIEL CYCLE < 200 € TTC,1,1,1,non,non,oui,2,2111460,OGEA,"14,99",non
39,24'' 8-12 ANS POPLY 500 NOIR,39,24'' 8-12 ANS POPLY 500 NOIR,1,1,1,non,non,oui,1,8279613,DECATHLON,"149,99",non
39,24'' 8-12 ANS POPLY 500 NOIR,102,ASSURANCE DOMMAGE MATÉRIEL CYCLE < 200 € TTC,1,1,1,non,non,oui,2,2111460,OGEA,"14,99",non
46,VTC 24'' 8-12 ANS ORIGINAL 500,46,VTC 24'' 8-12 ANS ORIGINAL 500,1,1,1,non,non,oui,1,8487186,DECATHLON,150,non
46,VTC 24'' 8-12 ANS ORIGINAL 500,102,ASSURANCE DOMMAGE MATÉRIEL CYCLE < 200 € TTC,1,1,1,non,non,oui,2,2111460,OGEA,"14,99",non
48,VTC 24'' 8-12 ANS ORIGINAL 500S,48,VTC 24'' 8-12 ANS ORIGINAL 500S,1,1,1,non,non,oui,1,8487177,DECATHLON,150,non
48,VTC 24'' 8-12 ANS ORIGINAL 500S,102,ASSURANCE DOMMAGE MATÉRIEL CYCLE < 200 € TTC,1,1,1,non,non,oui,2,2111460,OGEA,"14,99",non
24,VTT 20'' 6-8 ANS RACING BOY 300,24,VTT 20'' 6-8 ANS RACING BOY 300,1,1,1,non,non,oui,1,8339604,DECATHLON,"83,33",non
24,VTT 20'' 6-8 ANS RACING BOY 300,101,ASSURANCE DOMMAGE MATÉRIEL CYCLE < 120 €TTC,1,1,1,non,non,oui,2,2111459,OGEA,"9,99",non
30,VTT 20'' 6-8 ANS RACINGBOY 320 BLEU,30,VTT 20'' 6-8 ANS RACINGBOY 320 BLEU,1,1,1,non,non,oui,1,8327767,DECATHLON,"108,33",non
30,VTT 20'' 6-8 ANS RACINGBOY 320 BLEU,102,ASSURANCE DOMMAGE MATÉRIEL CYCLE < 200 € TTC,1,1,1,non,non,oui,2,2111460,OGEA,"14,99",non
26,VTT 20'' 6-8 ANS RACINGBOY 320 ROUGE,26,VTT 20'' 6-8 ANS RACINGBOY 320 ROUGE,1,1,1,non,non,oui,1,8327591,DECATHLON,"108,33",non
26,VTT 20'' 6-8 ANS RACINGBOY 320 ROUGE,102,ASSURANCE DOMMAGE MATÉRIEL CYCLE < 200 € TTC,1,1,1,non,non,oui,2,2111460,OGEA,"14,99",non
25,VTT 24'' 8-12 ANS ROCKRIDER 100,25,VTT 24'' 8-12 ANS ROCKRIDER 100,1,1,1,non,non,oui,1,8309450,DECATHLON,"108,33",non
25,VTT 24'' 8-12 ANS ROCKRIDER 100,102,ASSURANCE DOMMAGE MATÉRIEL CYCLE < 200 € TTC,1,1,1,non,non,oui,2,2111460,OGEA,"14,99",non
31,VTT 20'' 6-8 ANS RACING 500 GRIS,31,VTT 20'' 6-8 ANS RACING 500 GRIS,1,1,1,non,non,oui,1,8376788,DECATHLON,"141,67",non
31,VTT 20'' 6-8 ANS RACING 500 GRIS,102,ASSURANCE DOMMAGE MATÉRIEL CYCLE < 200 € TTC,1,1,1,non,non,oui,2,2111460,OGEA,"14,99",non
27,VTT 20'' 6-8 ANS RACINGBOY 500 N/V,27,VTT 20'' 6-8 ANS RACINGBOY 500 N/V,1,1,1,non,non,oui,1,8328898,DECATHLON,"141,67",non
27,VTT 20'' 6-8 ANS RACINGBOY 500 N/V,102,ASSURANCE DOMMAGE MATÉRIEL CYCLE < 200 € TTC,1,1,1,non,non,oui,2,2111460,OGEA,"14,99",non
29,VTT 24'' 8-12 ANS ROCKRIDER 500,29,VTT 24'' 8-12 ANS ROCKRIDER 500,1,1,1,non,non,oui,1,8320201,DECATHLON,150,non
29,VTT 24'' 8-12 ANS ROCKRIDER 500,102,ASSURANCE DOMMAGE MATÉRIEL CYCLE < 200 € TTC,1,1,1,non,non,oui,2,2111460,OGEA,"14,99",non
33,VTT 24'' 8-12 ANS ROCKRIDER 500 J ,33,VTT 24'' 8-12 ANS ROCKRIDER 500 J ,1,1,1,non,non,oui,1,8392443,DECATHLON,150,non
33,VTT 24'' 8-12 ANS ROCKRIDER 500 J ,102,ASSURANCE DOMMAGE MATÉRIEL CYCLE < 200 € TTC,1,1,1,non,non,oui,2,2111460,OGEA,"14,99",non
28,VTT 24'' 8-12 ANS ROCKRIDER 500 ORANGE,28,VTT 24'' 8-12 ANS ROCKRIDER 500 ORANGE,1,1,1,non,non,oui,1,8392442,DECATHLON,150,non
28,VTT 24'' 8-12 ANS ROCKRIDER 500 ORANGE,102,ASSURANCE DOMMAGE MATÉRIEL CYCLE < 200 € TTC,1,1,1,non,non,oui,2,2111460,OGEA,"14,99",non
32,VTT 20'' 6-8 ANS WYLDEE BLEU,32,VTT 20'' 6-8 ANS WYLDEE BLEU,1,1,1,non,non,oui,1,8404360,DECATHLON,"166,67",non
32,VTT 20'' 6-8 ANS WYLDEE BLEU,103,ASSURANCE DOMMAGE MATÉRIEL CYCLE < 300 € TTC,1,1,1,non,non,oui,2,2111461,OGEA,"19,99",non
34,VTT 24'' 8-12 ANS ROCKRIDER 700,34,VTT 24'' 8-12 ANS ROCKRIDER 700,1,1,1,non,non,oui,1,8327645,DECATHLON,"233,33",non
34,VTT 24'' 8-12 ANS ROCKRIDER 700,103,ASSURANCE DOMMAGE MATÉRIEL CYCLE < 300 € TTC,1,1,1,non,non,oui,2,2111461,OGEA,"19,99",non
53,ROUTE 26'' 8-12  ANS TRIBAN 100,53,ROUTE 26'' 8-12  ANS TRIBAN 100,1,1,1,non,non,oui,1,8390348,DECATHLON,250,non
53,ROUTE 26'' 8-12  ANS TRIBAN 100,104,ASSURANCE DOMMAGE MATÉRIEL CYCLE < 600 € TTC,1,1,1,non,non,oui,2,2111462,OGEA,"29,99",non
54,BMX WIPE 8-12 ANS 300 GRIS,54,BMX WIPE 8-12 ANS 300 GRIS,1,1,1,non,non,oui,1,8343669,DECATHLON,125,non
54,BMX WIPE 8-12 ANS 300 GRIS,102,ASSURANCE DOMMAGE MATÉRIEL CYCLE < 200 € TTC,1,1,1,non,non,oui,2,2111460,OGEA,"14,99",non
56,BMX WIPE 8-12 ANS 320 BLEU,56,BMX WIPE 8-12 ANS 320 BLEU,1,1,1,non,non,oui,1,8343667,DECATHLON,"141,67",non
56,BMX WIPE 8-12 ANS 320 BLEU,102,ASSURANCE DOMMAGE MATÉRIEL CYCLE < 200 € TTC,1,1,1,non,non,oui,2,2111460,OGEA,"14,99",non
55,BMX WIPE 8-12 ANS 320 ROUGE,55,BMX WIPE 8-12 ANS 320 ROUGE,1,1,1,non,non,oui,1,8343668,DECATHLON,150,non
55,BMX WIPE 8-12 ANS 320 ROUGE,102,ASSURANCE DOMMAGE MATÉRIEL CYCLE < 200 € TTC,1,1,1,non,non,oui,2,2111460,OGEA,"14,99",non
