SIRET;NOM;PRENOM;Fonction;Tel;Mail;;
40310425000853;Romain;DABONNEVILLE;Directeur;;;;
40310425000341;Alexandre;PIOVA;Directeur;;;;
40310425000432;Nadia;FEDOUH;Directeur;;;;
40310425000473;José;BORGES;Directeur;;;;
40310425000150;Christelle;HUGUES;Directeur;;;;
40310425000531;Xavier;RAULT;Directeur;;;;
40310425000812;Patrick;PLANCHAT;Directeur;;;;
40310425000374;Sandrine;RAMEAU;Directeur;;;;
40310425000093;Malika;NAIT SI ALI;Directeur;;;;
40310425000283;Stéphanie;YACHVILI;Directeur;;;;
40310425000846;Sandra;PEREIRA;Directeur;;;;
40310425000382;Christophe;BALLET;Directeur;;;;
40310425000317;Marc;RINALDI;Directeur;;;;
40310425000325;Cyrille;DEHAYES;Directeur;;;;
40310425000226;Hafida;EL MANEI;Directeur;;;;
40310425000176;Jerome; BOUCHER;Directeur;;;;
40310425000358;Sébastien;CHAPUIS;Directeur;;;;
40310425000101;Karl;ZACHALSKI;Directeur;;;;
40310425000192;Boris;ISSAHAR ZADEH;Directeur;;;;
40310425000259;Abdelkrim;BOUTOUIL;Directeur;;;;
40310425000481;Cedric;DEVROUETE;Directeur;;;;
40310425000549;Olivier;BARRON;Directeur;;;;
40310425000044;Stéphane;VAILLANT;Directeur;;;;
40310425000200;Olivier;DUONG;Directeur;;;;
40310425000614;Tommy;FOURNIER;Directeur;;;;
40310425000796;Sebastien;CELLIER PERGET;Directeur;;;;
40310425000796;Philippe;GODREAU;Directeur;;;;
40310425000309;Franck;MEUCCI;Directeur;;;;
40310425000408;Damien;BRUN;Directeur;;;;
40310425000705;Kader;BOUMEDINE;Directeur;;;;
40310425000267;Laurent; DEFREMONT;Directeur;;;;
40310425000523;Dawit; SELBONNE;Directeur;;;;
40310425000770;Abdelaziz;BOUGUETTAYA;Directeur;;;;
40310425000028;Kevin;FOIN;Directeur;;;;
40310425000499;Romain;GARNIER;Directeur;;;;
40310425000556;Sébastien;GUITTEAUD;Directeur;;;;
40310425000663;Sébastien;GUITTEAUD;Directeur;;;;
40310425000036;Patrice;GILLET;Directeur;;;;
40310425000622;Sabrina; DUDOUS;Directeur;;;;
40310425000390;Guillaume;COURTOIS;Directeur;;;;
40310425000713;Gil; KABECHE;Directeur;;;;
40310425000762;William;COURTIAL;Directeur;;;;
40310425000648;Anthony;BORGES;Directeur;;;;
40310425000754;Sophie;BULBULIAN;Directeur;;;;
40310425000416;Kévin;AVEDIKIAN;Directeur;;;;
40310425000515;Richard;CREPIN;Directeur;;;;
40310425000747;Cécile;JARNAGE;Directeur;;;;
40310425000739;Seiba; DOBY;Directeur;;;;
40310425000606;Marc;VIANA;Directeur;;;;
40310425000507;Mokhtar;REFFAD;Directeur;;;;
40310425000275;Murat;GENC;Directeur;;;;
40310425000580;Mehdi;BELKACEMI;Directeur;;;;
40310425000598;Tania;LECLERC;Directeur;;;;
40310425000697;Audrey;HILLION;Directeur;;;;
40310425000184;Cyril;WATIGNY;Directeur;;;;
40310425000572;Ludovic;LE BEC;Directeur;;;;
40310425000838;Ahmed;EL BOUDALI;Directeur;;;;
40310425000457;Nadège;COTONEA;Directeur;;;;
40310425000291;Jean-Louis; PEREIRA;Directeur;;;;
40310425000671;Tarik;HAMMOU;Directeur;;;;
40310425000655;Philippe;JOLIBOIS;Directeur;;;;
40310425000143;Matthieu;PERRET;Directeur;;;;
40310425000127;Merième;BODIN;Directeur;;;;
40310425000234;Patrick;GOMES;Directeur;;;;
40310425000440;Xavier;CAUPENNE;Directeur;;;;
40310425000689;Christophe;MARTINS;Directeur;;;;
40310425000069;Fabien;DAVID;Directeur;;;;
40310425000366;Daniel;PARISI;Directeur;;;;
40310425000853;commercial;depot;CAISSE;04 42 33 35 00;caisses.aix@laplateforme.com;caisses.aix@laplateforme.com;PDB2024
40310425000341;commercial;depot;CAISSE;01 41 79 57 00;caisses.alfortville@laplateforme.com;caisses.alfortville@laplateforme.com;PDB2024
40310425000432;commercial;depot;CAISSE;01 47 40 62 00;caisses.arcueil@laplateforme.com;caisses.arcueil@laplateforme.com;PDB2024
40310425000473;commercial;depot;CAISSE;01 34 11 55 00;caisses.argenteuil@laplateforme.com;caisses.argenteuil@laplateforme.com;PDB2024
40310425000150;commercial;depot;CAISSE;04 91 19 32 00;caisses.aubagne@laplateforme.com;caisses.aubagne@laplateforme.com;PDB2024
40310425000531;commercial;depot;CAISSE;01 53 56 21 00;caisses.aubervilliers@laplateforme.com;caisses.aubervilliers@laplateforme.com;PDB2024
40310425000812;commercial;depot;CAISSE;01 40 01 12 35;caisses.bastille @laplateforme.com;caisses.bastille @laplateforme.com;PDB2024
40310425000374;commercial;depot;CAISSE;01 46 76 20 00;caisses.bonneuil@laplateforme.com;caisses.bonneuil@laplateforme.com;PDB2024
40310425000093;commercial;depot;CAISSE;05 56 12 47 00;caisses.bordeaux @laplateforme.com;caisses.bordeaux @laplateforme.com;PDB2024
40310425000283;commercial;depot;CAISSE;05 57 59 25 00;caisses.bordeaux 2@laplateforme.com;caisses.bordeaux 2@laplateforme.com;PDB2024
40310425000846;commercial;depot;CAISSE;05 56 00 33 00;caisses,bordeaux3@laplateforme.com;caisses,bordeaux3@laplateforme.com;PDB2024
40310425000382;commercial;depot;CAISSE;01 46 09 44 00;caisses.boulogne@laplateforme.com;caisses.boulogne@laplateforme.com;PDB2024
40310425000317;commercial;depot;CAISSE;04 92 19 65 00;caisses.cannes@laplateforme.com;caisses.cannes@laplateforme.com;PDB2024
40310425000325;commercial;depot;CAISSE;01 41 77 64 00;caisses.champigny@laplateforme.com;caisses.champigny@laplateforme.com;PDB2024
40310425000226;commercial;depot;CAISSE;01 40 94 75 00;caisses.clamart@laplateforme.com;caisses.clamart@laplateforme.com;PDB2024
40310425000176;commercial;depot;CAISSE;01 30 16 47 00;caisses.coignieres@laplateforme.com;caisses.coignieres@laplateforme.com;PDB2024
40310425000358;commercial;depot;CAISSE;03 80 54 48 00;caisses.dijon@laplateforme.com;caisses.dijon@laplateforme.com;PDB2024
40310425000101;commercial;depot;CAISSE;01 69 02 43 00;caisses.grigny@laplateforme.com;caisses.grigny@laplateforme.com;PDB2024
40310425000192;commercial;depot;CAISSE;01 49 92 28 00;caisses.drancy@laplateforme.com;caisses.drancy@laplateforme.com;PDB2024
40310425000259;commercial;depot;CAISSE;03 28 33 48 00;caisses.lille@laplateforme.com;caisses.lille@laplateforme.com;PDB2024
40310425000481;commercial;depot;CAISSE;03 20 94 89 00;caisses.lille2@laplateforme.com;caisses.lille2@laplateforme.com;PDB2024
40310425000549;commercial;depot;CAISSE;01 49 36 55 00;caisses.livry@laplateforme.com;caisses.livry@laplateforme.com;PDB2024
40310425000044;commercial;depot;CAISSE;04 78 78 19 00;caisses.lyon@laplateforme.com;caisses.lyon@laplateforme.com;PDB2024
40310425000200;commercial;depot;CAISSE;04 37 42 21 00;caisses.lyon2@laplateforme.com;caisses.lyon2@laplateforme.com;PDB2024
40310425000614;commercial;depot;CAISSE;04 37 49 19 00;caisses.lyon3@laplateforme.com;caisses.lyon3@laplateforme.com;PDB2024
40310425000796;commercial;depot;CAISSE;01 43 96 05 55;caisses.maisons-alfort@laplateforme.com;caisses.maisons-alfort@laplateforme.com;PDB2024
40310425000796;commercial;depot;CAISSE;01 30 63 33 00;caisses.mantes@laplateforme.com;caisses.mantes@laplateforme.com;PDB2024
40310425000309;commercial;depot;CAISSE;04 96 16 28 00;caisses.marseille@laplateforme.com;caisses.marseille@laplateforme.com;PDB2024
40310425000408;commercial;depot;CAISSE;04 96 12 59 00;caisses.marseille2@laplateforme.com;caisses.marseille2@laplateforme.com;PDB2024
40310425000705;commercial;depot;CAISSE;04 91 95 30 00;caisses.marseille3@laplateforme.com;caisses.marseille3@laplateforme.com;PDB2024
40310425000267;commercial;depot;CAISSE;04 99 92 21 00;caisses.montpellier@laplateforme.com;caisses.montpellier@laplateforme.com;PDB2024
40310425000523;commercial;depot;CAISSE;01 40 84 76 00;caisses.montrouge@laplateforme.com;caisses.montrouge@laplateforme.com;PDB2024
40310425000770;commercial;depot;CAISSE;01 41 10 07 77;caisses,montrouge2@laplateforme.com;caisses,montrouge2@laplateforme.com;PDB2024
40310425000028;commercial;depot;CAISSE;01 41 37 77 00;caisses.nanterre@laplateforme.com;caisses.nanterre@laplateforme.com;PDB2024
40310425000499;commercial;depot;CAISSE;02 40 32 40 00;caisses.nantes@laplateforme.com;caisses.nantes@laplateforme.com;PDB2024
40310425000556;commercial;depot;CAISSE;01 55 61 93 00;caisses.neuilly@laplateforme.com;caisses.neuilly@laplateforme.com;PDB2024
40310425000663;commercial;depot;CAISSE;01 41 43 84 00;caisses.neuilly2@laplateforme.com;caisses.neuilly2@laplateforme.com;PDB2024
40310425000036;commercial;depot;CAISSE;04 93 27 87 00;caisses.nice@laplateforme.com;caisses.nice@laplateforme.com;PDB2024
40310425000622;commercial;depot;CAISSE;04 92 15 56 00;caisses.nice2@laplateforme.com;caisses.nice2@laplateforme.com;PDB2024
40310425000390;commercial;depot;CAISSE;02 38 79 74 00;caisses.orleans@laplateforme.com;caisses.orleans@laplateforme.com;PDB2024
40310425000713;commercial;depot;CAISSE;01 56 96 91 00;caisses.pantin@laplateforme.com;caisses.pantin@laplateforme.com;PDB2024
40310425000762;commercial;depot;CAISSE;01 48 07 56 16;caisses.paris11@laplateforme.com;caisses.paris11@laplateforme.com;PDB2024
40310425000648;commercial;depot;CAISSE;01 44 87 76 00;caisses.paris12@laplateforme.com;caisses.paris12@laplateforme.com;PDB2024
40310425000754;commercial;depot;CAISSE;01 40 01 63 60;caisses.bizot-paris12@laplateforme.com;caisses.bizot-paris12@laplateforme.com;PDB2024
40310425000416;commercial;depot;CAISSE;01 43 13 51 00;caisses.paris14@laplateforme.com;caisses.paris14@laplateforme.com;PDB2024
40310425000515;commercial;depot;CAISSE;01 53 95 38 20;caisses.paris15@laplateforme.com;caisses.paris15@laplateforme.com;PDB2024
40310425000747;commercial;depot;CAISSE;01 45 30 70 00;caisses.vanves@laplateforme.com;caisses.vanves@laplateforme.com;PDB2024
40310425000739;commercial;depot;CAISSE;01 53 92 33 00;caisses.paris16@laplateforme.com;caisses.paris16@laplateforme.com;PDB2024
40310425000606;commercial;depot;CAISSE;01 55 37 34 00;caisses.paris17@laplateforme.com;caisses.paris17@laplateforme.com;PDB2024
40310425000507;commercial;depot;CAISSE;01 53 26 55 00;caisses.paris18@laplateforme.com;caisses.paris18@laplateforme.com;PDB2024
40310425000275;commercial;depot;CAISSE;01 53 36 56 00;caisses.stalingrad@laplateforme.com;caisses.stalingrad@laplateforme.com;PDB2024
40310425000580;commercial;depot;CAISSE;01 58 39 34 40;caisses.charonne-paris20@laplateforme.com;caisses.charonne-paris20@laplateforme.com;PDB2024
40310425000598;commercial;depot;CAISSE;01 55 25 87 80;caisses.davout-paris20@laplateforme.com;caisses.davout-paris20@laplateforme.com;PDB2024
40310425000697;commercial;depot;CAISSE;01 53 01 53 80;caisses.paris3@laplateforme.com;caisses.paris3@laplateforme.com;PDB2024
40310425000184;commercial;depot;CAISSE;01 34 30  24 00;caisses.pierrelaye@laplateforme.com;caisses.pierrelaye@laplateforme.com;PDB2024
40310425000572;commercial;depot;CAISSE;01 41 44 46 00;caisses.puteaux@laplateforme.com;caisses.puteaux@laplateforme.com;PDB2024
40310425000838;commercial;depot;CAISSE;01 56 20 59 00;caisses.ivry@laplateforme.com;caisses.ivry@laplateforme.com;PDB2024
40310425000457;commercial;depot;CAISSE;02 35 79 36 00;caisses.rouen@laplateforme.com;caisses.rouen@laplateforme.com;PDB2024
40310425000291;commercial;depot;CAISSE;01 34 38 39 00;caisses.st-brice@laplateforme.com;caisses.st-brice@laplateforme.com;PDB2024
40310425000671;commercial;depot;CAISSE;01 55 87 63 00;caisses.st-denis@laplateforme.com;caisses.st-denis@laplateforme.com;PDB2024
40310425000655;commercial;depot;CAISSE;01 39 10 31 00;caisses.st-germain@laplateforme.com;caisses.st-germain@laplateforme.com;PDB2024
40310425000143;commercial;depot;CAISSE;04 98 01 13 00;caisses.toulon@laplateforme.com;caisses.toulon@laplateforme.com;PDB2024
40310425000127;commercial;depot;CAISSE;05 62  87 33 00;caisses.toulouse@laplateforme.com;caisses.toulouse@laplateforme.com;PDB2024
40310425000234;commercial;depot;CAISSE;05 34 30 47 00;caisses.toulouse2@laplateforme.com;caisses.toulouse2@laplateforme.com;PDB2024
40310425000440;commercial;depot;CAISSE;05 34 41 72 00;caisses.toulouse3@laplateforme.com;caisses.toulouse3@laplateforme.com;PDB2024
40310425000689;commercial;depot;CAISSE;01 30 83 29 00;caisses.versailles@laplateforme.com;caisses.versailles@laplateforme.com;PDB2024
40310425000069;commercial;depot;CAISSE;01 48 12 42 00;caisses.villemomble@laplateforme.com;caisses.villemomble@laplateforme.com;PDB2024
40310425000366;commercial;depot;CAISSE;01 41 21 29 00;caisses.vlg@laplateforme.com;caisses.vlg@laplateforme.com;PDB2024
