TYPE;Référence;Désignation;Etat;Commentaire;Prix d'achat dont ecotaxe;EcoTaxe;Eco Mobilier;Type;Fournisseur;Fabriquant;Catégorie;Sous Catégorie;Loyer;Durée;Visible sur le site;EAN;Description;id_document_contrat :;url image
PRODUIT PRINCIPAL;1050922;Four pyrolyse ELECTROLUX EEC2409BOX;actif;Four pyrolyse ELECTROLUX EEC2409BOX;308,38;8,33;0;Fixe;Boulanger Pro;ELECTROLUX;GROS ELECTRO MENAGER;Four;8,3;60;Oui;7332543621699;Four pyrolyse ELECTROLUX EEC2409BOX;;https://boulanger.scene7.com/is/image/Boulanger/7332543621699_h_f_l_0
PRODUIT PRINCIPAL;1095260;Disque WESTERN DIGITAL 4To My Cloud Home Duo;actif;Disque WESTERN DIGITAL 4To My Cloud Home Duo;302,04;0,08;0;Portable;Boulanger Pro;WESTERN DIGITAL;INFORMATIQUE;DISQUE DUR;10,3;36;Oui;718037848358;Disque WESTERN DIGITAL 4To My Cloud Home Duo;;https://boulanger.scene7.com/is/image/Boulanger/0718037848358_h_f_l_0
PRODUIT PRINCIPAL;1121913;Réfrigérateur 2 portes Vent BEKO RDSE450K20S;actif;Réfrigérateur 2 portes Vent BEKO RDSE450K20S;318,73;15;0;Fixe;Boulanger Pro;BEKO;GROS ELECTRO MENAGER;Réfrigérateur;9,1;60;Oui;8690842232589;Réfrigérateur 2 portes Vent BEKO RDSE450K20S;;https://boulanger.scene7.com/is/image/Boulanger/8690842232589_h_f_l_0
PRODUIT PRINCIPAL;1079557;Hotte décorative ELICA STRIPE BL/A/60/LX;actif;Hotte décorative ELICA STRIPE BL/A/60/LX;311,49;4,17;0;Fixe;Boulanger Pro;ELICA;GROS ELECTRO MENAGER;Hotte;7,3;60;Oui;8020283038172;Hotte décorative ELICA STRIPE BL/A/60/LX;;https://boulanger.scene7.com/is/image/Boulanger/8020283038172_h_f_l_0
PRODUIT PRINCIPAL;1109228;Hotte décorative BOSCH DWB96IM50;actif;Hotte décorative BOSCH DWB96IM50;314,8;4,17;0;Fixe;Boulanger Pro;BOSCH;GROS ELECTRO MENAGER;Hotte;7,3;60;Oui;4242005051144;Hotte décorative BOSCH DWB96IM50;;https://boulanger.scene7.com/is/image/Boulanger/4242005051144_h_f_l_0
PRODUIT PRINCIPAL;1073197;Micro-ondes encastrable HOTPOINT MN613IX HA;actif;Micro-ondes encastrable HOTPOINT MN613IX HA;313,94;2,5;0;Portable;Boulanger Pro;HOTPOINT;GROS ELECTRO MENAGER;Four Micro-ondes;7,3;60;Oui;8007842966589;Micro-ondes encastrable HOTPOINT MN613IX HA;;https://boulanger.scene7.com/is/image/Boulanger/8007842966589_h_f_l_0
PRODUIT PRINCIPAL;1115529;Ecran LG 34WK500;actif;Ecran LG 34WK500;314,23;2,08;0;Portable;Boulanger Pro;LG;INFORMATIQUE;ECRAN;10,7;36;Oui;8806098100668;Ecran LG 34WK500;;https://boulanger.scene7.com/is/image/Boulanger/8806098100668_h_f_l_0
PRODUIT PRINCIPAL;1109527;Micro-ondes encastrable SIEMENS BF555LMW0;actif;Micro-ondes encastrable SIEMENS BF555LMW0;315,64;2,5;0;Portable;Boulanger Pro;SIEMENS;GROS ELECTRO MENAGER;Four Micro-ondes;7,3;60;Oui;4242003805688;Micro-ondes encastrable SIEMENS BF555LMW0;;https://boulanger.scene7.com/is/image/Boulanger/4242003805688_h_f_l_0
PRODUIT PRINCIPAL;1001046;Centrale vapeur LAURASTAR LIFT Plus Pinky Pop;actif;Centrale vapeur LAURASTAR LIFT Plus Pinky Pop;315,57;0,83;0;Portable;Boulanger Pro;LAURASTAR;PETIT ELECTRO MENAGER;Centrale vapeur / Pressing;10,8;36;Oui;790776004646;Centrale vapeur LAURASTAR LIFT Plus Pinky Pop;;https://boulanger.scene7.com/is/image/Boulanger/0790776004646_h_f_l_0
PRODUIT PRINCIPAL;1105378;Tablette HUAWEI M5 10.8'' 32Go;actif;Tablette HUAWEI M5 10.8'' 32Go;315,4;0,25;0;Portable;Boulanger Pro;HUAWEI;INFORMATIQUE;TABLETTE;10,6;36;Oui;6901443213566;Tablette HUAWEI M5 10.8'' 32Go;;https://boulanger.scene7.com/is/image/Boulanger/6901443213566_h_f_l_0
PRODUIT PRINCIPAL;1109230;Hotte décorative BOSCH DWQ96DM50;actif;Hotte décorative BOSCH DWQ96DM50;329,85;4,17;0;Fixe;Boulanger Pro;BOSCH;GROS ELECTRO MENAGER;Hotte;7,6;60;Oui;4242005039623;Hotte décorative BOSCH DWQ96DM50;;https://boulanger.scene7.com/is/image/Boulanger/4242005039623_h_f_l_0
PRODUIT PRINCIPAL;1094654;Aspirateur traineau MIELE Blizzard CX1 Comfort Ecoline;actif;Aspirateur traineau MIELE Blizzard CX1 Comfort Ecoline;332,82;0,83;0;Portable;Boulanger Pro;MIELE;PETIT ELECTRO MENAGER;Aspirateur;11,3;36;Oui;4002515824542;Aspirateur traineau MIELE Blizzard CX1 Comfort Ecoline;;https://boulanger.scene7.com/is/image/Boulanger/4002515824542_h_f_l_0
PRODUIT PRINCIPAL;1089687;Hotte décorative DE DIETRICH DHR7941B;actif;Hotte décorative DE DIETRICH DHR7941B;340,99;4,17;0;Fixe;Boulanger Pro;DE DIETRICH;GROS ELECTRO MENAGER;Hotte;7,8;60;Oui;3660767962743;Hotte décorative DE DIETRICH DHR7941B;;https://boulanger.scene7.com/is/image/Boulanger/3660767962743_h_f_l_0
PRODUIT PRINCIPAL;1089689;Hotte décorative DE DIETRICH DHR7941X;actif;Hotte décorative DE DIETRICH DHR7941X;340,99;4,17;0;Fixe;Boulanger Pro;DE DIETRICH;GROS ELECTRO MENAGER;Hotte;7,8;60;Oui;3660767962668;Hotte décorative DE DIETRICH DHR7941X;;https://boulanger.scene7.com/is/image/Boulanger/3660767962668_h_f_l_0
PRODUIT PRINCIPAL;1100862;Montre connectée sport SUUNTO SPARTAN SPORT WRIST HR ALL NOIRE;actif;Montre connectée sport SUUNTO SPARTAN SPORT WRIST HR ALL NOIRE;350,76;0,01;0;Portable;Boulanger Pro;SUUNTO;AUTRE;MONTRE INTELLIGENTE;11,8;36;Oui;6417084202673;Montre connectée sport SUUNTO SPARTAN SPORT WRIST HR ALL NOIRE;;https://boulanger.scene7.com/is/image/Boulanger/6417084202673_h_f_l_0
PRODUIT PRINCIPAL;1091524;Tablette IPAD Pro 12.9 256Go Argent 2017;actif;Tablette IPAD Pro 12.9 256Go Argent 2017;696,13;0,25;0;Portable;Boulanger Pro;APPLE;INFORMATIQUE;TABLETTE;22,4;36;Oui;190198282828;Tablette IPAD Pro 12.9 256Go Argent 2017;;https://boulanger.scene7.com/is/image/Boulanger/0190198282828_h_f_l_0
PRODUIT PRINCIPAL;1113690;Portable ASUS TUF705GD-EW081T;actif;Portable ASUS TUF705GD-EW081T;733,5;0,42;0;Portable;Boulanger Pro;ASUS;INFORMATIQUE;PORTABLE;23,6;36;Oui;4718017129541;Portable ASUS TUF705GD-EW081T;;https://boulanger.scene7.com/is/image/Boulanger/4718017129541_h_f_l_0
PRODUIT PRINCIPAL;1127555;Expresso broyeur KRUPS Barista YY4195FD;actif;Expresso broyeur KRUPS Barista YY4195FD;876,23;0,2;0;Portable;Boulanger Pro;KRUPS;PETIT ELECTRO MENAGER;Cafetière;28,3;36;Oui;3700342440911;Expresso broyeur KRUPS Barista YY4195FD;;https://boulanger.scene7.com/is/image/Boulanger/3700342440911_h_f_l_0
PRODUIT PRINCIPAL;1052486;Table cuisson gaz ASKO HG1935AB;actif;Table cuisson gaz ASKO HG1935AB;1045,28;4,17;0;Fixe;Boulanger Pro;ASKO;GROS ELECTRO MENAGER;Cuisson;22,2;60;Oui;3838942288685;Table cuisson gaz ASKO HG1935AB;;https://boulanger.scene7.com/is/image/Boulanger/3838942288685_h_f_l_0
PRODUIT PRINCIPAL;1121187;Ordinateur ACER Predator PO9-900-024;actif;Ordinateur ACER Predator PO9-900-024;4000,87;1,2;0;Fixe;Boulanger Pro;ACER;INFORMATIQUE;PC;125,2;36;Oui;4710180128819;Ordinateur ACER Predator PO9-900-024;;https://boulanger.scene7.com/is/image/Boulanger/4710180128819_h_f_l_0
PRODUIT PRINCIPAL;1101212;Four pyrolyse BEKO BIET21300XP;actif;Four pyrolyse BEKO BIET21300XP;309,88;8,33;0;Fixe;Boulanger Pro;BEKO;GROS ELECTRO MENAGER;Four;8,3;60;Oui;8690842129759;Four pyrolyse BEKO BIET21300XP;;https://boulanger.scene7.com/is/image/Boulanger/8690842129759_h_f_l_0
PRODUIT PRINCIPAL;1121545;Lave linge hublot LG F74J53WH;actif;Lave linge hublot LG F74J53WH;310,82;8,33;0;Fixe;Boulanger Pro;LG;GROS ELECTRO MENAGER;Lave Linge;8,9;60;Oui;8806084082619;Lave linge hublot LG F74J53WH;;https://boulanger.scene7.com/is/image/Boulanger/8806084082619_h_f_l_0
PRODUIT PRINCIPAL;1127601;Console SONY PS4 1To Crash Team Racing + 2ème Manette;actif;Console SONY PS4 1To Crash Team Racing + 2ème Manette;308,32;0,2;0;Portable;Boulanger Pro;SONY;MULTIMEDIA;Console de jeux;10,5;36;Oui;711719936305;Console SONY PS4 1To Crash Team Racing + 2ème Manette;;https://boulanger.scene7.com/is/image/Boulanger/0711719936305_h_f_l_0
PRODUIT PRINCIPAL;1121813;Hotte FABER STEELMAX 800 NOIR/INOX;actif;Hotte FABER STEELMAX 800 NOIR/INOX;315,65;4,17;0;Fixe;Boulanger Pro;FABER;GROS ELECTRO MENAGER;Hotte;7,3;60;Oui;7612985513357;Hotte FABER STEELMAX 800 NOIR/INOX;;https://boulanger.scene7.com/is/image/Boulanger/7612985513357_h_f_l_0
PRODUIT PRINCIPAL;1122551;Epilateur BRAUN IPL PL5124;actif;Epilateur BRAUN IPL PL5124;320,61;0,21;0;Portable;Boulanger Pro;BRAUN;BUREAUTIQUE;Destructeur / Plastifieuse;10,8;36;Oui;4210201234470;Epilateur BRAUN IPL PL5124;;https://boulanger.scene7.com/is/image/Boulanger/4210201234470_h_f_l_0
PRODUIT PRINCIPAL;1127848;Expresso broyeur MELITTA Purista Argent F230-101;actif;Expresso broyeur MELITTA Purista Argent F230-101;325,71;0,2;0;Portable;Boulanger Pro;MELITTA;PETIT ELECTRO MENAGER;Cafetière;11,1;36;Oui;4006508221608;Expresso broyeur MELITTA Purista Argent F230-101;;https://boulanger.scene7.com/is/image/Boulanger/4006508221608_h_f_l_0
PRODUIT PRINCIPAL;1061014;Micro-ondes encastrable SAUTER SMS4340X;actif;Micro-ondes encastrable SAUTER SMS4340X;328,89;2,5;0;Portable;Boulanger Pro;SAUTER;GROS ELECTRO MENAGER;Four Micro-ondes;7,7;60;Oui;3660767206458;Micro-ondes encastrable SAUTER SMS4340X;;https://boulanger.scene7.com/is/image/Boulanger/3660767206458_h_f_l_0
PRODUIT PRINCIPAL;1127842;Vidéoprojecteur KODAK Luma 350;actif;Vidéoprojecteur KODAK Luma 350;327,37;0,08;0;Portable;Boulanger Pro;KODAK;MULTIMEDIA;VIDEOPROJECTEUR;11;36;Oui;843812105804;Vidéoprojecteur KODAK Luma 350;;https://boulanger.scene7.com/is/image/Boulanger/0843812105804_h_f_l_0
PRODUIT PRINCIPAL;1089688;Hotte décorative DE DIETRICH DHR7941W;actif;Hotte décorative DE DIETRICH DHR7941W;340,99;4,17;0;Fixe;Boulanger Pro;DE DIETRICH;GROS ELECTRO MENAGER;Hotte;7,8;60;Oui;3660767962736;Hotte décorative DE DIETRICH DHR7941W;;https://boulanger.scene7.com/is/image/Boulanger/3660767962736_h_f_l_0
PRODUIT PRINCIPAL;1071339;Table cuisson gaz ELECTROLUX EGH6349GOX;actif;Table cuisson gaz ELECTROLUX EGH6349GOX;340,19;2,08;0;Fixe;Boulanger Pro;ELECTROLUX;GROS ELECTRO MENAGER;Cuisson;7,8;60;Oui;7332543457427;Table cuisson gaz ELECTROLUX EGH6349GOX;;https://boulanger.scene7.com/is/image/Boulanger/7332543457427_h_f_l_0
PRODUIT PRINCIPAL;1109174;Four BOSCH HBA553BR0;actif;Four BOSCH HBA553BR0;354,7;8,33;0;Fixe;Boulanger Pro;BOSCH;GROS ELECTRO MENAGER;Four;9,3;60;Oui;4242005030118;Four BOSCH HBA553BR0;;https://boulanger.scene7.com/is/image/Boulanger/4242005030118_h_f_l_0
PRODUIT PRINCIPAL;1127556;Aspirateur traineau Balai DYSON V8 Parquet;actif;Aspirateur traineau Balai DYSON V8 Parquet;357,78;1;0;Portable;Boulanger Pro;DYSON;PETIT ELECTRO MENAGER;Aspirateur;12,1;36;Oui;5025155040782;Aspirateur traineau Balai DYSON V8 Parquet;;https://boulanger.scene7.com/is/image/Boulanger/5025155040782_h_f_l_0
PRODUIT PRINCIPAL;1127646;Micro-ondes grill WHIRLPOOL W6MD440BSS W COLLECTION;actif;Micro-ondes grill WHIRLPOOL W6MD440BSS W COLLECTION;403,39;2,5;0;Portable;Boulanger Pro;WHIRLPOOL;GROS ELECTRO MENAGER;Four Micro-ondes;9,3;60;Oui;8003437396328;Micro-ondes grill WHIRLPOOL W6MD440BSS W COLLECTION;;https://boulanger.scene7.com/is/image/Boulanger/8003437396328_h_f_l_0
PRODUIT PRINCIPAL;1127821;Ordinateur ASUS V222UAK-WA125T;actif;Ordinateur ASUS V222UAK-WA125T;469,24;1,25;0;Fixe;Boulanger Pro;ASUS;INFORMATIQUE;PC;15,8;36;Oui;4718017392006;Ordinateur ASUS V222UAK-WA125T;;https://boulanger.scene7.com/is/image/Boulanger/4718017392006_h_f_l_0
PRODUIT PRINCIPAL;8006503;Piano cuisson ESSENTIELB EMCG 916n;actif;Piano cuisson ESSENTIELB EMCG 916n;499,16;8,33;0;Fixe;Boulanger Pro;ESSENTIEL B;GROS ELECTRO MENAGER;Cuisson;12,2;60;Oui;3497674141097;Piano cuisson ESSENTIELB EMCG 916n;;https://boulanger.scene7.com/is/image/Boulanger/3497674141097_h_f_l_0
PRODUIT PRINCIPAL;8006501;Piano cuisson ESSENTIELB EMCG 916i;actif;Piano cuisson ESSENTIELB EMCG 916i;499,16;8,33;0;Fixe;Boulanger Pro;ESSENTIEL B;GROS ELECTRO MENAGER;Cuisson;12,2;60;Oui;3497674141073;Piano cuisson ESSENTIELB EMCG 916i;;https://boulanger.scene7.com/is/image/Boulanger/3497674141073_h_f_l_0
PRODUIT PRINCIPAL;8006502;Piano cuisson ESSENTIELB EMCG 916r;actif;Piano cuisson ESSENTIELB EMCG 916r;499,16;8,33;0;Fixe;Boulanger Pro;ESSENTIEL B;GROS ELECTRO MENAGER;Cuisson;12,2;60;Oui;3497674141080;Piano cuisson ESSENTIELB EMCG 916r;;https://boulanger.scene7.com/is/image/Boulanger/3497674141080_h_f_l_0
PRODUIT PRINCIPAL;1111028;Portable ASUS S530UA-BQ095T;actif;Portable ASUS S530UA-BQ095T;509,06;0,42;0;Portable;Boulanger Pro;ASUS;INFORMATIQUE;PORTABLE;16,5;36;Oui;4718017070577;Portable ASUS S530UA-BQ095T;;https://boulanger.scene7.com/is/image/Boulanger/4718017070577_h_f_l_0
PRODUIT PRINCIPAL;1023882;Table Mixte AEG HD634170NB;actif;Table Mixte AEG HD634170NB;513,95;2,08;0;Fixe;Boulanger Pro;AEG;GROS ELECTRO MENAGER;Cuisson;11;60;Oui;7332543132539;Table Mixte AEG HD634170NB;;https://boulanger.scene7.com/is/image/Boulanger/7332543132539_h_f_l_0
PRODUIT PRINCIPAL;1127822;Ordinateur ASUS V241FAK-WA076T;actif;Ordinateur ASUS V241FAK-WA076T;535,42;1,25;0;Fixe;Boulanger Pro;ASUS;INFORMATIQUE;PC;17,4;36;Oui;4718017392013;Ordinateur ASUS V241FAK-WA076T;;https://boulanger.scene7.com/is/image/Boulanger/4718017392013_h_f_l_0
PRODUIT PRINCIPAL;1127474;Expresso broyeur JURA D4 Platine Pianoblack;actif;Expresso broyeur JURA D4 Platine Pianoblack;542,97;0,25;0;Portable;Boulanger Pro;JURA;PETIT ELECTRO MENAGER;Cafetière;17,6;36;Oui;7610917152216;Expresso broyeur JURA D4 Platine Pianoblack;;https://boulanger.scene7.com/is/image/Boulanger/7610917152216_h_f_l_0
PRODUIT PRINCIPAL;1100454;Sèche-linge hublot MIELE TDB 230 WP;actif;Sèche-linge hublot MIELE TDB 230 WP;601,07;8,33;0;Fixe;Boulanger Pro;MIELE;GROS ELECTRO MENAGER;Sèche Linge;14,4;60;Oui;4002515939338;Sèche-linge hublot MIELE TDB 230 WP;;https://boulanger.scene7.com/is/image/Boulanger/4002515939338_h_f_l_0
PRODUIT PRINCIPAL;1127628;Expresso broyeur KRUPS EVIDENCE PLUS TITANE ET POT A LAIT INOX;actif;Expresso broyeur KRUPS EVIDENCE PLUS TITANE ET POT A LAIT INOX;597,81;0,2;0;Portable;Boulanger Pro;KRUPS;PETIT ELECTRO MENAGER;Cafetière;19,4;36;Oui;3700342440171;Expresso broyeur KRUPS EVIDENCE PLUS TITANE ET POT A LAIT INOX;;https://boulanger.scene7.com/is/image/Boulanger/3700342440171_h_f_l_0
PRODUIT PRINCIPAL;1086287;Combiné HAIER A3FE737CMJ;actif;Combiné HAIER A3FE737CMJ;668,21;19,17;0;Fixe;Boulanger Pro;HAIER;GROS ELECTRO MENAGER;Réfrigérateur;15,4;60;Oui;6901018062568;Combiné HAIER A3FE737CMJ;;https://boulanger.scene7.com/is/image/Boulanger/6901018062568_h_f_l_0
PRODUIT PRINCIPAL;1127126;Reflex NIKON D5600 + 18-140mm VR;actif;Reflex NIKON D5600 + 18-140mm VR;650,03;0,11;0;Portable;Boulanger Pro;NIKON;MULTIMEDIA;APPAREIL PHOTO NUMERIQUE;21;36;Oui;18208948338;Reflex NIKON D5600 + 18-140mm VR;;https://boulanger.scene7.com/is/image/Boulanger/0018208948338_h_f_l_0
PRODUIT PRINCIPAL;1122605;Portable ASUS Vivobook S712FA-AU167T;actif;Portable ASUS Vivobook S712FA-AU167T;765,06;0,42;0;Portable;Boulanger Pro;ASUS;INFORMATIQUE;PORTABLE;24,6;36;Oui;4718017284592;Portable ASUS Vivobook S712FA-AU167T;;https://boulanger.scene7.com/is/image/Boulanger/4718017284592_h_f_l_0
PRODUIT PRINCIPAL;1127069;Réfrigérateur multi-portes DAEWOO RFN-L475B0S;actif;Réfrigérateur multi-portes DAEWOO RFN-L475B0S;802,43;16;0;Fixe;Boulanger Pro;DAEWOO;GROS ELECTRO MENAGER;Réfrigérateur;19,7;60;Oui;8806323324579;Réfrigérateur multi-portes DAEWOO RFN-L475B0S;;https://boulanger.scene7.com/is/image/Boulanger/8806323324579_h_f_l_0
PRODUIT PRINCIPAL;1090924;Portable SAMSUNG Galaxy Book 12.0 i5 4Go 128Go;actif;Portable SAMSUNG Galaxy Book 12.0 i5 4Go 128Go;831,29;0,42;0;Portable;Boulanger Pro;SAMSUNG;INFORMATIQUE;PORTABLE;26,7;36;Oui;8806088823300;Portable SAMSUNG Galaxy Book 12.0 i5 4Go 128Go;;https://boulanger.scene7.com/is/image/Boulanger/8806088823300_h_f_l_0
PRODUIT PRINCIPAL;1127466;Expresso broyeur JURA E8 PianoWhite;actif;Expresso broyeur JURA E8 PianoWhite;831,78;0,25;0;Portable;Boulanger Pro;JURA;PETIT ELECTRO MENAGER;Cafetière;26,8;36;Oui;7610917153060;Expresso broyeur JURA E8 PianoWhite;;https://boulanger.scene7.com/is/image/Boulanger/7610917153060_h_f_l_0
PRODUIT PRINCIPAL;1125773;TV SONY KD65XG7096;actif;TV SONY KD65XG7096;862,28;12,5;0;Fixe;Boulanger Pro;SONY;MULTIMEDIA;TV;19,4;60;Oui;4548736095625;TV SONY KD65XG7096;;https://boulanger.scene7.com/is/image/Boulanger/4548736095625_h_f_l_0
PRODUIT PRINCIPAL;1087309;Combiné Intég LIEBHERR SICN3386;actif;Combiné Intég LIEBHERR SICN3386;954,06;15;0;Fixe;Boulanger Pro;LIEBHERR;GROS ELECTRO MENAGER;Réfrigérateur;22;60;Oui;4016803180227;Combiné Intég LIEBHERR SICN3386;;https://boulanger.scene7.com/is/image/Boulanger/4016803180227_h_f_l_0
PRODUIT PRINCIPAL;1127785;Ordinateur ASUS G12-FR068T;actif;Ordinateur ASUS G12-FR068T;961,61;1,25;0;Fixe;Boulanger Pro;ASUS;INFORMATIQUE;PC;31;36;Oui;4718017355797;Ordinateur ASUS G12-FR068T;;https://boulanger.scene7.com/is/image/Boulanger/4718017355797_h_f_l_0
PRODUIT PRINCIPAL;1127789;Ordinateur ASUS GS10CS-FR285T;actif;Ordinateur ASUS GS10CS-FR285T;1070,94;1,25;0;Fixe;Boulanger Pro;ASUS;INFORMATIQUE;PC;34,4;36;Oui;4718017391931;Ordinateur ASUS GS10CS-FR285T;;https://boulanger.scene7.com/is/image/Boulanger/4718017391931_h_f_l_0
PRODUIT PRINCIPAL;1127805;Ordinateur ASUS GS10CS-FR282T;actif;Ordinateur ASUS GS10CS-FR282T;1070,94;1,25;0;Fixe;Boulanger Pro;ASUS;INFORMATIQUE;PC;34,4;36;Oui;4718017391948;Ordinateur ASUS GS10CS-FR282T;;https://boulanger.scene7.com/is/image/Boulanger/4718017391948_h_f_l_0
PRODUIT PRINCIPAL;1123038;Micro-ondes four KITCHENAID KMQCXB45600;actif;Micro-ondes four KITCHENAID KMQCXB45600;1265,78;2,5;0;Portable;Boulanger Pro;KITCHENAID;GROS ELECTRO MENAGER;Four Micro-ondes;27,8;60;Oui;8003437395666;Micro-ondes four KITCHENAID KMQCXB45600;;https://boulanger.scene7.com/is/image/Boulanger/8003437395666_h_f_l_0
PRODUIT PRINCIPAL;1110248;Four pyrolyse KITCHENAID KOASPB60600;actif;Four pyrolyse KITCHENAID KOASPB60600;1277,06;8,33;0;Fixe;Boulanger Pro;KITCHENAID;GROS ELECTRO MENAGER;Four;28,1;60;Oui;8003437833526;Four pyrolyse KITCHENAID KOASPB60600;;https://boulanger.scene7.com/is/image/Boulanger/8003437833526_h_f_l_0
PRODUIT PRINCIPAL;1127806;Ordinateur ASUS GS10CS-FR242T;actif;Ordinateur ASUS GS10CS-FR242T;1411,83;1,25;0;Fixe;Boulanger Pro;ASUS;INFORMATIQUE;PC;45,2;36;Oui;4718017391962;Ordinateur ASUS GS10CS-FR242T;;https://boulanger.scene7.com/is/image/Boulanger/4718017391962_h_f_l_0
PRODUIT PRINCIPAL;1104886;Piano cuisson SMEG C92IPBL9;actif;Piano cuisson SMEG C92IPBL9;1476,56;8,33;0;Fixe;Boulanger Pro;SMEG;GROS ELECTRO MENAGER;Cuisson;32,9;60;Oui;8017709229634;Piano cuisson SMEG C92IPBL9;;https://boulanger.scene7.com/is/image/Boulanger/8017709229634_h_f_l_0
PRODUIT PRINCIPAL;1052487;Table cuisson gaz ASKO HG1145AB;actif;Table cuisson gaz ASKO HG1145AB;1600,42;4,17;0;Fixe;Boulanger Pro;ASKO;GROS ELECTRO MENAGER;Cuisson;33,4;60;Oui;3838942290916;Table cuisson gaz ASKO HG1145AB;;https://boulanger.scene7.com/is/image/Boulanger/3838942290916_h_f_l_0
PRODUIT PRINCIPAL;1127807;Ordinateur ASUS G21CX-FR008T;actif;Ordinateur ASUS G21CX-FR008T;1958,51;1,25;0;Fixe;Boulanger Pro;ASUS;INFORMATIQUE;PC;62,2;36;Oui;4718017391979;Ordinateur ASUS G21CX-FR008T;;https://boulanger.scene7.com/is/image/Boulanger/4718017391979_h_f_l_0
PRODUIT PRINCIPAL;1127808;Ordinateur ASUS G21CX-FR021T;actif;Ordinateur ASUS G21CX-FR021T;2098,29;1,25;0;Fixe;Boulanger Pro;ASUS;INFORMATIQUE;PC;66,6;36;Oui;4718017391986;Ordinateur ASUS G21CX-FR021T;;https://boulanger.scene7.com/is/image/Boulanger/4718017391986_h_f_l_0
PRODUIT PRINCIPAL;1127809;Ordinateur ASUS G12CX-FR054T;actif;Ordinateur ASUS G12CX-FR054T;2447,74;1,25;0;Fixe;Boulanger Pro;ASUS;INFORMATIQUE;PC;77,7;36;Oui;4718017391993;Ordinateur ASUS G12CX-FR054T;;https://boulanger.scene7.com/is/image/Boulanger/4718017391993_h_f_l_0